[
  {
    "id": "PROD-001",
    "name": "Laptop ASUS ROG Strix G15",
    "category": "Laptop",
    "price": 18500000,
    "stock": 15,
    "weight_kg": 2.5
  },
  {
    "id": "PROD-002",
    "name": "Smartphone Samsung Galaxy S23",
    "category": "Smartphone",
    "price": 12000000,
    "stock": 30,
    "weight_kg": 0.3
  },
  {
    "id": "PROD-003",
    "name": "Smart TV LG 55 inch 4K",
    "category": "TV",
    "price": 8500000,
    "stock": 12,
    "weight_kg": 18.5
  },
  {
    "id": "PROD-004",
    "name": "Kulkas 2 Pintu Samsung",
    "category": "Home Appliance",
    "price": 6500000,
    "stock": 8,
    "weight_kg": 50.0
  },
  {
    "id": "PROD-005",
    "name": "Mesin Cuci LG Front Loading",
    "category": "Home Appliance",
    "price": 5200000,
    "stock": 10,
    "weight_kg": 65.0
  },
  {
    "id": "PROD-006",
    "name": "iPad Pro 12.9 inch",
    "category": "Tablet",
    "price": 15000000,
    "stock": 20,
    "weight_kg": 0.68
  },
  {
    "id": "PROD-007",
    "name": "Headphone Sony WH-1000XM5",
    "category": "Audio",
    "price": 4500000,
    "stock": 25,
    "weight_kg": 0.25
  },
  {
    "id": "PROD-008",
    "name": "Kamera Canon EOS R6",
    "category": "Camera",
    "price": 35000000,
    "stock": 5,
    "weight_kg": 1.4
  },
  {
    "id": "PROD-009",
    "name": "Monitor Dell 27 inch 4K",
    "category": "Monitor",
    "price": 6200000,
    "stock": 18,
    "weight_kg": 7.2
  },
  {
    "id": "PROD-010",
    "name": "Keyboard Mechanical Logitech G Pro",
    "category": "Accessories",
    "price": 2100000,
    "stock": 40,
    "weight_kg": 0.98
  },
  {
    "id": "PROD-011",
    "name": "Mouse Gaming Razer DeathAdder V3",
    "category": "Accessories",
    "price": 950000,
    "stock": 50,
    "weight_kg": 0.15
  },
  {
    "id": "PROD-012",
    "name": "AC Split Daikin 1 PK",
    "category": "Home Appliance",
    "price": 4800000,
    "stock": 14,
    "weight_kg": 35.0
  },
  {
    "id": "PROD-013",
    "name": "Smartwatch Apple Watch Series 9",
    "category": "Wearable",
    "price": 7500000,
    "stock": 22,
    "weight_kg": 0.05
  },
  {
    "id": "PROD-014",
    "name": "Printer Epson EcoTank L3250",
    "category": "Printer",
    "price": 2800000,
    "stock": 16,
    "weight_kg": 4.5
  },
  {
    "id": "PROD-015",
    "name": "Speaker Bluetooth JBL Charge 5",
    "category": "Audio",
    "price": 2200000,
    "stock": 35,
    "weight_kg": 0.96
  },
  {
    "id": "PROD-016",
    "name": "Laptop MacBook Air M2",
    "category": "Laptop",
    "price": 17500000,
    "stock": 10,
    "weight_kg": 1.24
  },
  {
    "id": "PROD-017",
    "name": "Rice Cooker Philips Digital",
    "category": "Home Appliance",
    "price": 850000,
    "stock": 28,
    "weight_kg": 3.2
  },
  {
    "id": "PROD-018",
    "name": "Vacuum Cleaner Xiaomi Mi",
    "category": "Home Appliance",
    "price": 3200000,
    "stock": 12,
    "weight_kg": 5.6
  },
  {
    "id": "PROD-019",
    "name": "Power Bank Anker 20000mAh",
    "category": "Accessories",
    "price": 650000,
    "stock": 60,
    "weight_kg": 0.36
  },
  {
    "id": "PROD-020",
    "name": "Webcam Logitech C920 HD Pro",
    "category": "Accessories",
    "price": 1250000,
    "stock": 24,
    "weight_kg": 0.16
  },
  {
    "id": "PROD-021",
    "name": "SSD External Samsung T7 1TB",
    "category": "Storage",
    "price": 2100000,
    "stock": 32,
    "weight_kg": 0.058
  },
  {
    "id": "PROD-022",
    "name": "Router WiFi 6 TP-Link Archer AX73",
    "category": "Networking",
    "price": 1850000,
    "stock": 19,
    "weight_kg": 0.72
  }
]
